{"cameraMode":{"drawMode":0,"name":"Shaded","section":"Shading Mode"},"sceneLighting":true,"audioPlay":false,"sceneViewState":{"showFog":true,"showMaterialUpdate":true,"showSkybox":true,"showFlares":true,"showImageEffects":true,"showParticleSystems":true},"in2DMode":false,"pivot":{"x":-1.9940953254699708,"y":-0.4163804054260254,"z":-2.6287107467651369},"rotation":{"x":-0.09483864158391953,"y":0.8957380056381226,"z":-0.23092606663703919,"w":-0.3678840398788452},"size":13.022601127624512,"orthographic":false}